product_id,product_family,product_series,example_pids,category,use_case,os_type,latest_version,gold_version,eol_status,source_ids,notes,last_updated
P038,Secure Firewall ASA 5500-X,5506-X / 5508-X / 5516-X,"ASA5506-K9, ASA5508-K9, ASA5516-K9",Security,SMB / Branch Next-Generation Firewall,ASA OS,9.12.x (final for these models),9.12.x (final for these models),EOL,SRC-032,End-of-Sale. 9.12.x is the last supported ASA train for 5506/5508/5516. Migrate to Secure Firewall 1000.,2026-05-28
P039,Secure Firewall ASA 5585-X,5585-X-SSP10/20/40/60,"ASA5585-S10-K9, ASA5585-S20-K9",Security,High-end Enterprise Firewall,ASA OS,9.14.x (final),9.14.x (final),EOL,SRC-032,Large enterprise ASA chassis. EOL. Migrate to Secure Firewall 4100/4200.,2026-05-28
P040,Secure Firewall ASAv (virtual),ASAv5 / ASAv10 / ASAv30 / ASAv50,ASAv (OVA/QCOW2/VHD),Security,Virtual Firewall (cloud / hypervisor),ASA OS,9.24.x,9.24.x,Active,SRC-032,Software-only virtual ASA for cloud (AWS/Azure/GCP) and on-prem VMs. Actively maintained.,2026-05-28
P041,Secure Firewall 1000,1010 / 1120 / 1140 / 1150,"FPR1010-NGFW-K9, FPR1120-NGFW-K9, FPR1140-NGFW-K9, FPR1150-NGFW-K9",Security,SMB / Branch NGFW,FTD (Firepower Threat Defense),10.0,7.6.4,Active,SRC-033,Entry-level NGFW; FTD-only (no ASA mode). Desktop form factor. Managed by FMC or FDM.,2026-05-28
P042,Secure Firewall 2100,2110 / 2120 / 2130 / 2140,"FPR2110-NGFW-K9, FPR2120-NGFW-K9, FPR2130-NGFW-K9, FPR2140-NGFW-K9",Security,Mid-range NGFW,FTD (Firepower Threat Defense),10.0,7.6.4,Active,SRC-033,Mid-range 1U NGFW; FTD-only mode. Purpose-built security hardware.,2026-05-28
P043,Secure Firewall 3100,3105 / 3110 / 3120 / 3130 / 3140,"FPR3105-NGFW-K9, FPR3110-NGFW-K9, FPR3120-NGFW-K9, FPR3130-NGFW-K9, FPR3140-NGFW-K9",Security,Mid-high Range NGFW,FTD (Firepower Threat Defense),10.0,7.6.4,Active,SRC-033,Higher-performance 1U NGFW; replaces Firepower 2100 upper models. Snort 3 default.,2026-05-28
P044,Secure Firewall 4100,4110 / 4112 / 4115 / 4120 / 4125 / 4140 / 4145 / 4150,"FPR4115-NGFW-K9, FPR4125-NGFW-K9, FPR4145-NGFW-K9",Security,High-performance DC / Enterprise NGFW,FTD + FXOS,FTD 10.0,FXOS 2.14.x,Active,"SRC-033,SRC-034",Multi-blade chassis NGFW. FXOS manages chassis; FTD runs on security modules. Supports multi-instance.,2026-05-28
P045,Secure Firewall 4200,4215 / 4225 / 4245,"FPR4215-NGFW-K9, FPR4225-NGFW-K9, FPR4245-NGFW-K9",Security,High-performance NGFW (latest generation),FTD (Firepower Threat Defense),10.0,7.6.4,Active,SRC-033,Latest-gen high-performance NGFW with Cisco custom ASIC; FTD-only (no ASA mode). Replaces older 4100 models.,2026-05-28
P046,Firepower 9300,FPR-9300 (chassis + security modules),"FPR9K-SUP-A, FPR9K-SM-24, FPR9K-SM-40, FPR9K-SM-56",Security,SP / Large DC NGFW (multi-blade chassis),FTD + FXOS,FTD 10.0,FXOS 2.14.x,Active,"SRC-033,SRC-035",High-throughput multi-blade security chassis. Supports FTD or ASA mode per blade. Used in large DC/SP.,2026-05-28
